Gender,Married,Dependents,Education,Self_Employed,Loan_Amount_Term,Credit_History,Loan_Status,TotalIncome,Loan_to_Income_Ratio,EMI,Property_Area_Rural,Property_Area_Semiurban,Property_Area_Urban,Income_Per_Dependent,Loan_Term_Category,High_Risk_Flag
1,0,0,1,0,360.0,1.0,1,5849.0,0.0218840827491878,0.3555555555555555,0,0,1,5849.0,Standard,0
1,1,1,1,0,360.0,1.0,0,6091.0,0.0210146117222131,0.3555555555555555,1,0,0,3045.5,Standard,0
1,1,0,1,1,360.0,1.0,1,3000.0,0.022,0.1833333333333333,0,0,1,3000.0,Standard,0
1,1,0,0,0,360.0,1.0,1,4941.0,0.0242865816636308,0.3333333333333333,0,0,1,4941.0,Standard,0
1,0,0,1,0,360.0,1.0,1,6000.0,0.0235,0.3916666666666666,0,0,1,6000.0,Standard,0
1,1,2,1,1,360.0,1.0,1,9613.0,0.0277748881722667,0.7416666666666667,0,0,1,3204.3333333333335,Standard,0
1,1,0,0,0,360.0,1.0,1,3849.0,0.0246817355157183,0.2638888888888889,0,0,1,3849.0,Standard,0
1,1,3,1,0,360.0,0.0,0,5540.0,0.0285198555956678,0.4388888888888889,0,1,0,1385.0,Standard,1
1,1,2,1,0,360.0,1.0,1,5532.0,0.0303687635574837,0.4666666666666667,0,0,1,1844.0,Standard,1
1,1,1,1,0,360.0,1.0,0,12555.375,0.0146583224830946,0.9694444444444444,0,1,0,6277.6875,Standard,0
1,1,2,1,0,360.0,1.0,1,3900.0,0.0179487179487179,0.1944444444444444,0,0,1,1300.0,Standard,0
1,1,2,1,0,360.0,1.0,1,4340.0,0.0251152073732718,0.3027777777777777,0,0,1,1446.6666666666667,Standard,0
1,1,2,1,0,360.0,1.0,1,11179.0,0.0178906878969496,0.5555555555555556,0,0,1,3726.3333333333335,Standard,0
1,0,0,1,0,360.0,1.0,0,4693.0,0.0242914979757085,0.3166666666666666,1,0,0,4693.0,Standard,0
1,1,2,1,0,120.0,1.0,1,2385.0,0.0071278825995807,0.1416666666666666,0,0,1,795.0,Short,0
1,0,0,1,0,360.0,1.0,1,4950.0,0.0252525252525252,0.3472222222222222,0,0,1,4950.0,Standard,0
1,0,1,0,0,240.0,1.0,1,3596.0,0.0278086763070077,0.4166666666666667,0,0,1,1798.0,Standard,0
0,0,0,1,0,360.0,0.0,0,3510.0,0.0216524216524216,0.2111111111111111,0,0,1,3510.0,Standard,1
1,1,0,0,0,360.0,1.0,0,4887.0,0.0272150603642316,0.3694444444444444,1,0,0,4887.0,Standard,0
1,1,0,1,0,360.0,1.0,1,6100.0,0.0188524590163934,0.3194444444444444,0,0,1,6100.0,Standard,0
1,1,0,0,0,360.0,0.0,0,7660.0,0.0135770234986945,0.2888888888888888,0,0,1,7660.0,Standard,1
1,1,1,1,0,360.0,1.0,1,11580.0,0.0272020725388601,0.875,0,0,1,5790.0,Standard,0
1,1,0,0,0,360.0,0.0,0,4511.0,0.025714919086677,0.3222222222222222,0,1,0,4511.0,Standard,1
1,1,2,0,0,360.0,0.0,0,5282.0,0.0212040893600908,0.3111111111111111,1,0,0,1760.6666666666667,Standard,1
1,1,1,1,0,360.0,1.0,0,6642.0,0.0227341162300511,0.4194444444444444,0,1,0,3321.0,Standard,0
1,1,0,1,1,360.0,1.0,1,9560.0,0.0199790794979079,0.5305555555555556,0,1,0,9560.0,Standard,0
1,1,0,1,0,360.0,1.0,1,5052.0,0.0241488519398258,0.3388888888888889,0,1,0,5052.0,Standard,0
1,1,2,0,0,360.0,1.0,1,5266.0,0.0208887200911507,0.3055555555555556,0,0,1,1755.3333333333333,Standard,0
1,0,0,0,0,360.0,1.0,0,1442.0,0.0242718446601941,0.0972222222222222,0,0,1,1442.0,Standard,0
0,0,2,1,0,360.0,1.0,1,5833.0,0.0205726041488085,0.3333333333333333,0,1,0,1944.3333333333333,Standard,0
1,1,1,1,0,360.0,1.0,0,7535.0,0.0266755142667551,0.5583333333333333,0,0,1,3767.5,Standard,0
1,0,0,1,0,360.0,1.0,0,3167.0,0.0233659614777391,0.2055555555555555,0,0,1,3167.0,Standard,0
1,0,1,1,1,360.0,1.0,0,4692.0,0.0225916453537936,0.2944444444444444,1,0,0,2346.0,Standard,0
1,1,0,1,0,360.0,1.0,1,5167.0,0.0220630927036965,0.3166666666666666,0,1,0,5167.0,Standard,0
1,0,3,1,0,360.0,1.0,0,12555.375,0.0206451612903225,0.8888888888888888,1,0,0,3138.84375,Standard,0
1,1,0,1,0,360.0,1.0,1,4342.0,0.0294795025333947,0.3555555555555555,0,0,1,4342.0,Standard,1
1,1,0,1,0,360.0,0.0,0,3158.0,0.0316656111462951,0.2777777777777778,0,0,1,3158.0,Standard,1
0,1,0,1,0,360.0,1.0,1,5126.0,0.0280920795942255,0.4,0,1,0,5126.0,Standard,0
1,0,0,1,0,360.0,1.0,1,11376.0,0.0161744022503516,0.5111111111111111,0,0,1,11376.0,Standard,0
1,0,0,0,0,360.0,1.0,1,5416.0,0.0203101920236336,0.3055555555555556,0,1,0,5416.0,Standard,0
1,0,0,1,0,360.0,1.0,0,3600.0,0.0222222222222222,0.2222222222222222,0,0,1,3600.0,Standard,0
1,0,0,1,0,360.0,1.0,1,3013.0,0.0155990706936608,0.1305555555555555,0,0,1,3013.0,Standard,0
1,1,0,1,0,360.0,1.0,1,2400.0,0.03125,0.2083333333333333,0,0,1,2400.0,Standard,1
1,1,0,1,0,360.0,1.0,1,6277.0,0.0213477776007646,0.3722222222222222,0,1,0,6277.0,Standard,0
1,1,0,0,1,360.0,1.0,1,4695.0,0.0204472843450479,0.2666666666666666,0,0,1,4695.0,Standard,0
0,0,0,1,0,360.0,1.0,1,3410.0,0.0258064516129032,0.2444444444444444,0,0,1,3410.0,Standard,0
1,1,1,1,0,360.0,1.0,1,5649.0,0.0077889892016286,0.1222222222222222,0,0,1,2824.5,Standard,0
1,1,0,1,0,360.0,1.0,1,5821.0,0.0247380175227624,0.4,0,0,1,5821.0,Standard,0
0,1,0,1,0,360.0,0.0,0,6085.0,0.019720624486442,0.3333333333333333,0,0,1,6085.0,Standard,1
0,0,0,1,0,360.0,1.0,1,6275.0,0.0229482071713147,0.4,0,1,0,6275.0,Standard,0
0,1,0,0,0,360.0,1.0,1,3572.0,0.0279955207166853,0.2777777777777778,0,1,0,3572.0,Standard,0
0,0,0,1,0,360.0,1.0,1,3086.0,0.0388852883992222,0.3333333333333333,0,1,0,3086.0,Standard,1
0,0,0,1,0,360.0,1.0,0,4230.0,0.0264775413711583,0.3111111111111111,0,1,0,4230.0,Standard,0
1,1,2,1,0,360.0,1.0,0,4616.0,0.0290294627383015,0.3722222222222222,0,0,1,1538.6666666666667,Standard,1
0,1,1,1,1,360.0,0.0,0,11500.0,0.0248695652173913,0.7944444444444444,0,0,1,5750.0,Standard,1
1,1,2,1,0,360.0,1.0,1,3875.0,0.0250322580645161,0.2694444444444444,0,1,0,1291.6666666666667,Standard,0
1,1,0,1,0,360.0,1.0,1,3723.0,0.0257856567284448,0.2666666666666666,0,1,0,3723.0,Standard,0
1,1,0,1,0,360.0,1.0,0,5566.0,0.0242544017247574,0.375,1,0,0,5566.0,Standard,0
1,1,1,1,0,360.0,1.0,1,10330.0,0.0174249757986447,0.5,0,0,1,5165.0,Standard,0
1,1,2,0,0,360.0,1.0,1,6216.0,0.0231660231660231,0.4,0,0,1,2072.0,Standard,0
1,1,0,1,0,360.0,1.0,1,6296.0,0.0190597204574332,0.3333333333333333,0,0,1,6296.0,Standard,0
1,1,3,1,0,360.0,1.0,1,3029.0,0.0326840541432816,0.275,0,0,1,757.25,Standard,1
1,1,0,0,1,180.0,0.0,0,6058.0,0.027236711786068,0.9166666666666666,1,0,0,6058.0,Short,1
1,1,1,1,0,360.0,0.0,0,4945.0,0.0258847320525783,0.3555555555555555,1,0,0,2472.5,Standard,1
0,0,0,1,0,360.0,0.0,0,4166.0,0.027844455112818,0.3222222222222222,0,1,0,4166.0,Standard,1
1,1,0,1,0,360.0,1.0,0,10321.0,0.0249975777540935,0.7166666666666667,0,1,0,10321.0,Standard,0
1,0,0,0,0,180.0,0.0,0,5454.0,0.0231023102310231,0.7,0,0,1,5454.0,Short,1
1,1,1,1,0,360.0,1.0,1,10750.0,0.0290232558139534,0.8666666666666667,0,0,1,5375.0,Standard,1
1,1,3,0,1,60.0,1.0,1,7100.0,0.0176056338028169,2.083333333333333,0,0,1,1775.0,Short,0
0,0,0,1,0,360.0,0.0,0,4300.0,0.0316279069767441,0.3777777777777777,0,1,0,4300.0,Standard,1
1,1,0,1,0,360.0,1.0,1,6274.0,0.027414727446605,0.4777777777777778,0,0,1,6274.0,Standard,0
1,1,2,0,1,360.0,1.0,1,3750.0,0.0258666666666666,0.2694444444444444,0,1,0,1250.0,Standard,0
1,0,0,1,0,300.0,1.0,1,3500.0,0.0231428571428571,0.27,0,1,0,3500.0,Standard,0
1,1,3,0,0,360.0,0.0,0,4755.0,0.0199789695057833,0.2638888888888889,0,1,0,1188.75,Standard,1
1,1,3,1,1,360.0,1.0,1,7040.0,0.0265625,0.5194444444444445,0,1,0,1760.0,Standard,0
1,0,0,1,0,480.0,1.0,0,3750.0,0.0301333333333333,0.2354166666666666,0,0,1,3750.0,Extended,1
1,0,0,1,0,360.0,1.0,0,8500.0,0.0207058823529411,0.4888888888888889,0,0,1,8500.0,Standard,0
1,1,1,1,1,360.0,1.0,0,4022.0,0.027349577324714,0.3055555555555556,0,0,1,2011.0,Standard,0
1,1,3,1,0,300.0,0.0,0,7167.0,0.0251151109250732,0.6,0,1,0,1791.75,Standard,1
1,1,3,0,1,360.0,1.0,1,5499.0,0.0236406619385342,0.3611111111111111,0,1,0,1374.75,Standard,0
0,0,0,1,0,360.0,1.0,1,3846.0,0.0288611544461778,0.3083333333333333,0,1,0,3846.0,Standard,1
1,1,1,1,1,360.0,1.0,1,2395.0,0.0534446764091858,0.3555555555555555,0,1,0,1197.5,Standard,1
0,1,2,1,0,360.0,1.0,0,3259.0,0.0512427124884934,0.4638888888888889,0,0,1,1086.3333333333333,Standard,1
1,1,0,1,0,360.0,1.0,0,8250.0,0.0321212121212121,0.7361111111111112,0,1,0,8250.0,Standard,1
1,1,1,1,0,240.0,1.0,1,3988.0,0.0125376128385155,0.2083333333333333,0,0,1,1994.0,Standard,0
1,0,0,1,0,360.0,1.0,1,4897.0,0.027772105370635,0.3777777777777777,0,1,0,4897.0,Standard,0
1,1,2,0,0,360.0,1.0,1,5333.0,0.0185636602287643,0.275,0,1,0,1777.6666666666667,Standard,0
1,1,0,1,0,360.0,1.0,1,4618.0,0.0225205716760502,0.2888888888888888,0,1,0,4618.0,Standard,0
1,0,0,1,0,360.0,1.0,1,8566.0,0.0245155265001167,0.5833333333333334,0,0,1,8566.0,Standard,0
1,1,0,1,0,360.0,1.0,1,9862.0,0.0177448793348205,0.4861111111111111,0,1,0,9862.0,Standard,0
1,1,0,1,0,360.0,1.0,1,5858.0,0.0223625810856947,0.3638888888888889,0,1,0,5858.0,Standard,0
1,1,2,1,0,180.0,1.0,1,11904.0,0.0157930107526881,1.0444444444444445,0,1,0,3968.0,Short,0
1,1,2,0,0,360.0,1.0,1,5093.0,0.0159041822108776,0.225,0,0,1,1697.6666666666667,Standard,0
1,0,0,1,0,360.0,1.0,1,4133.0,0.0295185095572223,0.3388888888888889,0,1,0,4133.0,Standard,1
1,0,0,0,0,120.0,1.0,1,3620.0,0.0069060773480662,0.2083333333333333,0,1,0,3620.0,Short,0
1,0,0,1,0,360.0,1.0,0,6782.0,0.0188734886464169,0.3555555555555555,0,0,1,6782.0,Standard,0
0,1,0,1,0,360.0,1.0,1,4786.0,0.0286251567070622,0.3805555555555555,0,1,0,4786.0,Standard,1
1,1,0,1,0,360.0,1.0,1,2974.0,0.0168123739071956,0.1388888888888889,0,1,0,2974.0,Standard,0
1,1,0,0,0,180.0,1.0,1,4188.0,0.0274594078319006,0.6388888888888888,0,1,0,4188.0,Short,0
1,1,0,1,0,360.0,1.0,1,5300.0,0.0247169811320754,0.3638888888888889,0,1,0,5300.0,Standard,0
1,1,2,0,0,180.0,1.0,1,7551.0,0.0176135611177327,0.7388888888888889,0,0,1,2517.0,Short,0
1,0,0,1,0,360.0,1.0,1,8649.0,0.0174586657417042,0.4194444444444444,0,1,0,8649.0,Standard,0
1,1,0,1,0,360.0,1.0,1,12555.375,0.0093772893772893,0.3555555555555555,0,0,1,12555.375,Standard,0
1,1,0,1,0,360.0,1.0,1,8235.0,0.0155434122647237,0.3555555555555555,0,1,0,8235.0,Standard,0
1,1,0,1,0,360.0,1.0,1,4570.0,0.0350109409190372,0.4444444444444444,0,0,1,4570.0,Standard,1
1,1,1,1,0,360.0,1.0,1,4082.0,0.0244977951984321,0.2777777777777778,0,0,1,2041.0,Standard,0
1,1,2,1,0,360.0,1.0,1,12543.0,0.0179382922745754,0.625,0,0,1,4181.0,Standard,0
1,0,0,0,0,360.0,1.0,0,7333.0,0.0163643801990999,0.3333333333333333,1,0,0,7333.0,Standard,0
1,1,2,1,0,360.0,0.0,0,7400.0,0.0291891891891891,0.6,0,0,1,2466.6666666666665,Standard,1
1,1,3,0,0,480.0,1.0,1,2825.0,0.0332743362831858,0.1958333333333333,0,1,0,706.25,Extended,1
1,0,0,1,0,360.0,1.0,1,5316.0,0.0255831452219714,0.3777777777777777,0,0,1,5316.0,Standard,0
0,1,0,1,0,360.0,1.0,1,5262.0,0.0264158114785252,0.3861111111111111,0,1,0,5262.0,Standard,0
1,1,0,0,0,360.0,0.0,0,7686.0,0.0197762164975279,0.4222222222222222,1,0,0,7686.0,Standard,1
0,0,1,1,1,360.0,1.0,1,7451.0,0.0171789021607837,0.3555555555555555,0,1,0,3725.5,Standard,0
1,0,0,1,0,360.0,1.0,1,5050.0,0.0233663366336633,0.3277777777777778,0,1,0,5050.0,Standard,0
1,1,1,1,0,180.0,1.0,1,12555.375,0.0126860042515257,1.0277777777777777,1,0,0,6277.6875,Short,0
0,1,0,1,0,360.0,1.0,1,5450.0,0.0282568807339449,0.4277777777777777,0,1,0,5450.0,Standard,1
1,1,1,1,0,360.0,1.0,1,3612.0,0.023532668881506,0.2361111111111111,0,0,1,1806.0,Standard,0
1,1,0,1,0,360.0,1.0,0,7710.0,0.0226977950713359,0.4861111111111111,1,0,0,7710.0,Standard,0
0,0,0,1,0,360.0,1.0,1,10408.0,0.0248847040737893,0.7194444444444444,0,0,1,10408.0,Standard,0
1,1,0,1,0,360.0,1.0,1,8334.0,0.0215982721382289,0.5,1,0,0,8334.0,Standard,0
0,0,0,1,0,360.0,1.0,1,4166.0,0.0105616898703792,0.1222222222222222,0,1,0,4166.0,Standard,0
0,0,0,1,0,360.0,0.0,1,11117.0,0.0123234685616623,0.3805555555555555,0,1,0,11117.0,Standard,1
1,1,2,1,0,360.0,1.0,1,2957.0,0.0273926276631721,0.225,0,1,0,985.6666666666666,Standard,0
1,1,0,0,0,360.0,1.0,1,6314.0,0.0307253721887868,0.5388888888888889,1,0,0,6314.0,Standard,1
0,0,0,1,0,360.0,1.0,1,3692.0,0.0251895991332611,0.2583333333333333,1,0,0,3692.0,Standard,0
1,1,3,1,0,360.0,1.0,1,12555.375,0.0155442591270007,1.0277777777777777,1,0,0,3138.84375,Standard,0
1,0,0,1,0,360.0,1.0,1,5505.0,0.0232515894641235,0.3555555555555555,1,0,0,5505.0,Standard,0
1,1,1,1,1,180.0,0.0,0,12555.375,0.0111397340388498,0.8888888888888888,0,0,1,6277.6875,Short,1
1,1,0,1,0,360.0,1.0,0,8649.0,0.0210428951323852,0.5055555555555555,1,0,0,8649.0,Standard,0
1,0,0,1,1,480.0,1.0,1,12555.375,0.0322324704948923,1.3541666666666667,0,0,1,12555.375,Extended,1
1,0,0,1,0,360.0,1.0,1,3943.0,0.0187674359624651,0.2055555555555555,0,0,1,3943.0,Standard,0
1,0,0,1,0,360.0,1.0,1,2718.0,0.0257542310522442,0.1944444444444444,0,1,0,2718.0,Standard,0
1,1,0,1,1,120.0,1.0,1,3459.0,0.0072275224053194,0.2083333333333333,0,1,0,3459.0,Short,0
1,0,0,1,0,360.0,1.0,1,4895.0,0.0208375893769152,0.2833333333333333,0,1,0,4895.0,Standard,0
1,1,3,1,0,360.0,1.0,0,11750.0,0.0246808510638297,0.8055555555555556,0,1,0,2937.5,Standard,0
0,1,0,1,0,360.0,1.0,0,4583.0,0.0183286057167794,0.2333333333333333,1,0,0,4583.0,Standard,0
1,1,2,1,1,360.0,1.0,1,6816.0,0.0129107981220657,0.2444444444444444,0,0,1,2272.0,Standard,0
1,0,0,1,0,360.0,0.0,0,12555.375,0.0161344089605973,0.6722222222222223,0,1,0,12555.375,Standard,1
1,1,2,0,0,360.0,1.0,0,5630.0,0.0229129662522202,0.3583333333333333,1,0,0,1876.6666666666667,Standard,0
1,1,2,1,0,360.0,1.0,0,7125.0,0.0259649122807017,0.5138888888888888,1,0,0,2375.0,Standard,0
1,0,0,1,0,360.0,1.0,1,5417.0,0.0310134760937788,0.4666666666666667,0,0,1,5417.0,Standard,1
1,0,0,1,1,180.0,1.0,1,6950.0,0.0251798561151079,0.9722222222222222,0,1,0,6950.0,Short,0
1,1,0,1,0,360.0,1.0,1,4732.0,0.025781910397295,0.3388888888888889,0,1,0,4732.0,Standard,0
1,1,2,1,0,180.0,1.0,1,11757.0,0.0159054180488219,1.038888888888889,0,0,1,3919.0,Short,0
0,1,0,1,0,360.0,1.0,1,6816.0,0.0146713615023474,0.2777777777777778,0,1,0,6816.0,Standard,0
0,1,2,1,0,360.0,1.0,1,12555.375,0.0047087313332436,0.1944444444444444,0,0,1,4185.125,Standard,0
1,1,1,1,0,360.0,1.0,1,2963.0,0.010124873439082,0.0833333333333333,0,0,1,1481.5,Standard,0
0,0,0,1,0,360.0,1.0,0,11666.0,0.0192868163895079,0.625,1,0,0,11666.0,Standard,0
1,1,0,1,0,360.0,1.0,1,5690.0,0.0219683655536028,0.3472222222222222,0,1,0,5690.0,Standard,0
1,0,0,1,0,360.0,0.0,0,6277.0,0.0187987892305241,0.3277777777777778,1,0,0,6277.0,Standard,1
1,1,0,1,1,360.0,1.0,1,6327.0,0.024024024024024,0.4222222222222222,1,0,0,6327.0,Standard,0
1,0,0,1,0,360.0,1.0,0,9166.0,0.026620117826751,0.6777777777777778,0,0,1,9166.0,Standard,0
1,1,2,0,0,360.0,1.0,0,2281.0,0.0495396755808855,0.3138888888888889,1,0,0,760.3333333333334,Standard,1
1,0,0,1,0,360.0,1.0,1,3254.0,0.0153657037492317,0.1388888888888889,0,0,1,3254.0,Standard,0
1,1,3,1,0,180.0,0.0,1,12555.375,0.0150003750093752,3.333333333333333,0,1,0,3138.84375,Short,1
1,1,1,1,0,360.0,1.0,1,6000.0,0.0266666666666666,0.4444444444444444,1,0,0,3000.0,Standard,0
1,1,1,1,0,360.0,1.0,1,9538.0,0.0196057873768085,0.5194444444444445,0,0,1,4769.0,Standard,0
1,0,0,1,0,360.0,1.0,1,5063.0,0.0237013628283626,0.3333333333333333,1,0,0,5063.0,Standard,0
1,1,0,1,0,360.0,1.0,1,10208.0,0.0249804075235109,0.7083333333333334,0,1,0,10208.0,Standard,0
1,1,0,0,0,360.0,1.0,1,2904.0,0.0337465564738292,0.2722222222222222,0,1,0,2904.0,Standard,1
1,1,0,1,0,360.0,1.0,0,7933.0,0.0346653220723559,0.7638888888888888,0,0,1,7933.0,Standard,1
1,1,1,1,0,360.0,0.0,0,4369.0,0.027695124742504,0.3361111111111111,0,1,0,2184.5,Standard,1
1,1,2,1,0,360.0,1.0,1,5614.0,0.0281439258995368,0.4388888888888889,1,0,0,1871.3333333333333,Standard,0
1,1,0,1,0,180.0,1.0,1,9323.0,0.0080446208302048,0.4166666666666667,0,0,1,9323.0,Short,0
1,1,0,1,0,360.0,1.0,1,6873.0,0.0264804306707405,0.5055555555555555,1,0,0,6873.0,Standard,0
0,1,0,1,0,360.0,1.0,0,4583.0,0.0244381409557058,0.3111111111111111,1,0,0,4583.0,Standard,0
1,1,0,1,0,360.0,1.0,1,5772.0,0.0223492723492723,0.3583333333333333,1,0,0,5772.0,Standard,0
1,0,0,1,0,480.0,0.0,0,2237.0,0.0281627179257934,0.13125,0,1,0,2237.0,Extended,1
1,1,2,1,0,360.0,1.0,1,8000.0,0.025,0.5555555555555556,0,1,0,2666.6666666666665,Standard,0
1,1,0,0,0,360.0,1.0,1,3589.0,0.0264697687378099,0.2638888888888889,1,0,0,3589.0,Standard,0
1,1,3,1,0,300.0,1.0,1,12555.375,0.013523172922744,2.333333333333333,0,0,1,3138.84375,Standard,0
1,1,3,0,0,180.0,1.0,0,3522.0,0.0229982964224872,0.45,1,0,0,880.5,Short,0
1,1,0,1,0,360.0,1.0,1,11333.0,0.0165004853083914,0.5194444444444445,0,1,0,11333.0,Standard,0
1,1,0,0,1,360.0,1.0,0,5080.0,0.0171259842519685,0.2416666666666666,0,1,0,5080.0,Standard,0
1,1,0,1,0,360.0,1.0,1,5461.0,0.0212415308551547,0.3222222222222222,1,0,0,5461.0,Standard,0
1,1,2,1,0,360.0,1.0,1,3664.0,0.0275655021834061,0.2805555555555555,1,0,0,1221.3333333333333,Standard,0
1,1,3,1,0,360.0,0.0,0,12555.375,0.0294362511893434,1.375,0,1,0,3138.84375,Standard,1
1,1,1,1,0,360.0,1.0,1,3750.0,0.0309333333333333,0.3222222222222222,0,1,0,1875.0,Standard,1
1,0,0,0,0,480.0,0.0,0,3784.0,0.0269556025369978,0.2125,0,0,1,3784.0,Extended,1
1,1,1,1,0,360.0,0.0,0,12555.375,0.0131868131868131,0.5,0,0,1,6277.6875,Standard,1
1,0,0,1,0,360.0,1.0,0,6979.0,0.0096002292592061,0.1861111111111111,1,0,0,6979.0,Standard,0
1,1,0,1,0,180.0,1.0,1,4600.0,0.0158695652173913,0.4055555555555555,0,1,0,4600.0,Short,0
1,1,1,1,0,360.0,1.0,0,12555.375,0.0076818530993322,0.7222222222222222,0,1,0,6277.6875,Standard,0
0,1,0,1,0,360.0,1.0,1,3625.0,0.0297931034482758,0.3,0,1,0,3625.0,Standard,1
1,1,0,1,1,360.0,1.0,1,12555.375,0.0027336720049206,0.3333333333333333,0,1,0,12555.375,Standard,0
1,1,1,1,1,300.0,0.0,0,2178.0,0.0303030303030303,0.22,1,0,0,1089.0,Standard,1
1,1,0,1,0,360.0,1.0,1,4521.0,0.0128290201282902,0.1611111111111111,1,0,0,4521.0,Standard,0
1,1,0,1,1,360.0,1.0,1,5970.0,0.0281407035175879,0.4666666666666667,1,0,0,5970.0,Standard,0
1,1,0,1,0,180.0,1.0,1,9328.0,0.0201543739279588,1.0444444444444445,1,0,0,9328.0,Short,0
1,0,0,0,0,360.0,1.0,1,4885.0,0.009825997952917,0.1333333333333333,1,0,0,4885.0,Standard,0
1,0,0,1,0,360.0,1.0,0,12000.0,0.0136666666666666,0.4555555555555555,0,1,0,12000.0,Standard,0
1,1,0,0,0,360.0,1.0,0,6033.0,0.0265208022542681,0.4444444444444444,0,0,1,6033.0,Standard,0
1,0,0,1,0,360.0,1.0,1,3858.0,0.0196993260756868,0.2111111111111111,0,1,0,3858.0,Standard,0
1,0,0,1,0,360.0,1.0,1,4191.0,0.0286327845382963,0.3333333333333333,1,0,0,4191.0,Standard,1
1,1,1,1,0,360.0,1.0,0,5708.0,0.0297827610371408,0.4722222222222222,0,1,0,2854.0,Standard,1
1,0,0,1,0,360.0,1.0,1,12083.0,0.0154762890010758,0.5194444444444445,1,0,0,12083.0,Standard,0
0,0,0,0,0,360.0,1.0,1,4272.0,0.0280898876404494,0.3333333333333333,0,0,1,4272.0,Standard,0
0,1,0,1,0,360.0,1.0,1,6232.0,0.0181322207958921,0.3138888888888889,0,1,0,6232.0,Standard,0
1,0,0,1,1,360.0,1.0,0,11000.0,0.0075454545454545,0.2305555555555555,0,0,1,11000.0,Standard,0
1,1,1,0,0,360.0,1.0,1,5100.0,0.0176470588235294,0.25,0,1,0,2550.0,Standard,0
1,0,2,1,0,360.0,0.0,1,4923.0,0.0337192768637009,0.4611111111111111,0,1,0,1641.0,Standard,1
1,1,3,0,0,180.0,1.0,0,3992.0,0.032064128256513,0.7111111111111111,0,0,1,998.0,Short,1
1,1,1,0,0,360.0,1.0,1,4583.0,0.0294566877591097,0.375,0,0,1,2291.5,Standard,1
1,1,2,0,0,360.0,1.0,1,3917.0,0.0316568802655093,0.3444444444444444,0,1,0,1305.6666666666667,Standard,1
0,0,0,0,0,360.0,1.0,1,4408.0,0.0272232304900181,0.3333333333333333,0,1,0,4408.0,Standard,0
0,0,0,1,0,360.0,1.0,1,3244.0,0.0246609124537607,0.2222222222222222,0,0,1,3244.0,Standard,0
1,0,0,0,0,360.0,1.0,1,6506.0,0.0084537350138333,0.1527777777777778,1,0,0,6506.0,Standard,0
1,0,0,1,0,360.0,1.0,1,2479.0,0.0237999193223073,0.1638888888888889,0,0,1,2479.0,Standard,0
1,0,0,1,0,360.0,1.0,0,3418.0,0.0371562317144529,0.3527777777777778,0,1,0,3418.0,Standard,1
0,0,0,1,0,360.0,1.0,0,10000.0,0.0214,0.5944444444444444,0,1,0,10000.0,Standard,0
1,1,3,1,0,360.0,0.0,0,4680.0,0.0273504273504273,0.3555555555555555,0,1,0,1170.0,Standard,1
1,1,1,1,1,360.0,1.0,1,7787.0,0.0308205984332862,0.6666666666666666,0,0,1,3893.5,Standard,1
1,1,3,0,1,360.0,1.0,1,5703.0,0.0227950201648255,0.3611111111111111,1,0,0,1425.75,Standard,0
1,1,0,1,0,360.0,1.0,1,6194.0,0.0221181788827897,0.3805555555555555,0,0,1,6194.0,Standard,0
1,1,3,0,0,360.0,1.0,1,4833.0,0.0206910821435961,0.2777777777777778,0,1,0,1208.25,Standard,0
1,1,0,1,0,360.0,1.0,0,1950.0,0.0692307692307692,0.375,1,0,0,1950.0,Standard,1
1,1,0,1,0,360.0,1.0,1,5502.0,0.0238095238095238,0.3638888888888889,0,1,0,5502.0,Standard,0
1,1,2,1,0,360.0,0.0,0,5000.0,0.0144,0.2,0,1,0,1666.6666666666667,Standard,1
0,1,2,1,0,360.0,1.0,1,6666.0,0.019051905190519,0.3527777777777778,0,1,0,2222.0,Standard,0
1,1,0,1,0,360.0,0.0,0,2221.0,0.0270148581719946,0.1666666666666666,0,0,1,2221.0,Standard,1
1,1,2,1,0,360.0,1.0,1,5726.0,0.0202584701362207,0.3222222222222222,0,1,0,1908.6666666666667,Standard,0
1,0,0,1,0,360.0,1.0,1,5762.0,0.02499132245748,0.4,0,1,0,5762.0,Standard,0
1,1,0,1,0,360.0,1.0,1,8588.0,0.0203772706101537,0.4861111111111111,0,1,0,8588.0,Standard,0
1,1,0,1,0,360.0,1.0,1,6250.0,0.02048,0.3555555555555555,0,1,0,6250.0,Standard,0
1,1,0,1,0,360.0,1.0,0,3250.0,0.0523076923076923,0.4722222222222222,1,0,0,3250.0,Standard,1
1,1,0,0,1,360.0,1.0,0,4735.0,0.0291446673706441,0.3833333333333333,0,0,1,4735.0,Standard,1
1,1,2,1,0,360.0,1.0,1,7945.0,0.026431718061674,0.5833333333333334,0,1,0,2648.3333333333335,Standard,0
1,1,0,1,0,480.0,1.0,1,4758.0,0.0332072299285414,0.3291666666666666,0,1,0,4758.0,Extended,1
1,0,0,1,1,360.0,1.0,1,6400.0,0.03125,0.5555555555555556,1,0,0,6400.0,Standard,1
1,1,1,1,0,360.0,1.0,1,4545.0,0.0228822882288228,0.2888888888888888,0,1,0,2272.5,Standard,0
1,1,0,1,0,180.0,1.0,1,3716.0,0.011302475780409,0.2333333333333333,1,0,0,3716.0,Short,0
1,0,0,0,0,360.0,1.0,1,5787.0,0.0207361327112493,0.3333333333333333,1,0,0,5787.0,Standard,0
0,0,0,1,0,360.0,1.0,1,8333.0,0.0336013440537621,0.7777777777777778,0,1,0,8333.0,Standard,1
1,1,1,1,0,360.0,1.0,1,4934.0,0.0283745439805431,0.3888888888888889,0,1,0,2467.0,Standard,1
1,1,1,1,0,360.0,1.0,1,6760.0,0.0251479289940828,0.4722222222222222,1,0,0,3380.0,Standard,0
1,1,0,1,0,360.0,1.0,0,5746.0,0.044378698224852,0.7083333333333334,0,0,1,5746.0,Standard,1
0,0,0,1,1,360.0,1.0,1,3463.0,0.035229569737222,0.3388888888888889,0,0,1,3463.0,Standard,1
0,0,1,1,0,360.0,1.0,1,3812.0,0.0293809024134312,0.3111111111111111,1,0,0,1906.0,Standard,1
1,1,1,1,0,360.0,1.0,1,3315.0,0.0289592760180995,0.2666666666666666,0,1,0,1657.5,Standard,1
1,1,2,1,0,360.0,1.0,1,10819.0,0.0110915981144283,0.3333333333333333,1,0,0,3606.3333333333335,Standard,0
1,1,1,0,0,180.0,1.0,0,4493.0,0.0311595815713331,0.7777777777777778,0,0,1,2246.5,Short,1
1,0,0,1,0,60.0,1.0,1,8666.0,0.0178859912300946,2.583333333333333,0,0,1,8666.0,Short,0
1,1,2,1,1,360.0,1.0,1,7550.0,0.0143046357615894,0.3,1,0,0,2516.6666666666665,Standard,0
1,1,0,0,0,360.0,1.0,1,7823.0,0.0157228684647833,0.3416666666666667,0,1,0,7823.0,Standard,0
1,0,0,1,1,180.0,1.0,0,10383.0,0.0115573533660791,0.6666666666666666,0,0,1,10383.0,Short,0
1,1,2,1,0,360.0,1.0,1,9703.0,0.0115428218076883,0.3111111111111111,0,0,1,3234.3333333333335,Standard,0
1,1,1,0,0,180.0,1.0,1,6608.0,0.0207324455205811,0.7611111111111111,0,0,1,3304.0,Short,0
1,1,1,1,0,480.0,1.0,1,4725.0,0.026031746031746,0.25625,0,1,0,2362.5,Extended,0
1,1,0,1,0,360.0,1.0,1,3677.0,0.0244764753875441,0.25,0,0,1,3677.0,Standard,0
1,1,0,0,0,360.0,0.0,0,5558.0,0.0361640878013674,0.5583333333333333,0,1,0,5558.0,Standard,1
0,0,2,1,0,360.0,1.0,0,3427.0,0.0402684563758389,0.3833333333333333,0,0,1,1142.3333333333333,Standard,1
1,0,0,0,1,360.0,1.0,1,4750.0,0.0218947368421052,0.2888888888888888,1,0,0,4750.0,Standard,0
1,1,1,0,0,180.0,1.0,1,9762.0,0.0285802089735709,1.55,0,1,0,4881.0,Short,1
1,0,0,1,1,360.0,0.0,0,12555.375,0.0118153846153846,0.5333333333333333,0,0,1,12555.375,Standard,1
0,0,3,1,0,360.0,1.0,1,3083.0,0.0827116445021083,0.7083333333333334,1,0,0,770.75,Standard,1
1,0,0,0,0,360.0,0.0,0,6045.0,0.0190239867659222,0.3194444444444444,1,0,0,6045.0,Standard,1
1,1,3,1,0,360.0,1.0,0,5250.0,0.0179047619047619,0.2611111111111111,0,0,1,1312.5,Standard,0
1,1,0,1,0,360.0,1.0,0,12555.375,0.0181135673002442,0.8444444444444444,1,0,0,12555.375,Standard,0
1,1,3,0,0,360.0,1.0,0,4931.0,0.0259582234840803,0.3555555555555555,0,1,0,1232.75,Standard,0
1,1,1,1,0,360.0,1.0,1,10333.0,0.0319365140810993,0.9166666666666666,0,0,1,5166.5,Standard,1
1,0,0,1,0,360.0,1.0,1,4269.0,0.0313890840946357,0.3722222222222222,0,1,0,4269.0,Standard,1
0,0,1,1,0,36.0,1.0,0,3481.0,0.0445274346452168,4.305555555555555,0,1,0,1740.5,Short,1
0,0,0,1,0,360.0,1.0,1,7200.0,0.0166666666666666,0.3333333333333333,1,0,0,7200.0,Standard,0
1,0,0,1,1,360.0,1.0,1,5166.0,0.0247773906310491,0.3555555555555555,0,1,0,5166.0,Standard,0
1,0,0,1,0,360.0,1.0,1,7542.0,0.0200212145319543,0.4194444444444444,1,0,0,7542.0,Standard,0
1,1,2,1,0,360.0,1.0,1,6095.0,0.0246103363412633,0.4166666666666667,0,1,0,2031.6666666666667,Standard,0
1,1,3,1,0,360.0,0.0,1,6144.0,0.0260416666666666,0.4444444444444444,0,0,1,1536.0,Standard,1
0,0,0,1,0,360.0,1.0,0,3418.0,0.0394967817437097,0.375,1,0,0,3418.0,Standard,1
0,0,1,1,0,360.0,1.0,1,4436.0,0.0202885482416591,0.25,0,0,1,2218.0,Standard,0
0,0,0,1,0,360.0,1.0,1,3237.0,0.0092678405931417,0.0833333333333333,0,0,1,3237.0,Standard,0
1,1,0,1,0,360.0,1.0,1,11146.0,0.0122016867037502,0.3777777777777777,0,0,1,11146.0,Standard,0
1,0,0,1,0,360.0,1.0,1,4690.0,0.026865671641791,0.35,1,0,0,4690.0,Standard,0
1,1,0,1,0,360.0,1.0,1,4843.0,0.0309725376832541,0.4166666666666667,0,1,0,4843.0,Standard,1
1,1,2,1,0,360.0,1.0,1,3900.0,0.023076923076923,0.25,0,1,0,1300.0,Standard,0
1,1,1,1,0,360.0,1.0,1,4592.0,0.0250435540069686,0.3194444444444444,0,1,0,2296.0,Standard,0
1,1,0,1,0,360.0,1.0,1,7267.0,0.0284849318838585,0.575,0,1,0,7267.0,Standard,1
1,1,0,1,0,360.0,1.0,1,4403.0,0.0181694299341358,0.2222222222222222,0,0,1,4403.0,Standard,0
1,1,0,1,0,360.0,1.0,1,12555.375,0.0298978262360282,1.211111111111111,0,1,0,12555.375,Standard,1
0,1,0,0,0,360.0,1.0,1,4100.0,0.0302439024390243,0.3444444444444444,1,0,0,4100.0,Standard,1
1,0,1,0,1,360.0,0.0,0,6479.0,0.0243864793949683,0.4388888888888889,0,0,1,3239.5,Standard,1
1,1,0,1,0,360.0,1.0,1,4727.0,0.0236936746350751,0.3111111111111111,0,1,0,4727.0,Standard,0
1,1,2,1,0,180.0,1.0,1,3286.7999878,0.0237312888796159,0.4333333333333333,0,0,1,1095.5999959333333,Short,0
0,0,0,1,0,360.0,1.0,1,3477.0,0.0155306298533218,0.15,0,0,1,3477.0,Standard,0
1,1,0,1,0,360.0,1.0,0,12555.375,0.0061934484927662,0.3555555555555555,1,0,0,12555.375,Standard,0
1,0,0,1,0,360.0,1.0,1,6211.0,0.014329415553051,0.2472222222222222,1,0,0,6211.0,Standard,0
0,0,0,1,1,300.0,1.0,0,4317.0,0.0229325920778318,0.33,0,1,0,4317.0,Standard,0
1,1,0,1,0,360.0,1.0,1,5704.0,0.0210378681626928,0.3333333333333333,1,0,0,5704.0,Standard,0
0,0,0,1,0,360.0,1.0,1,4124.0,0.0278855480116391,0.3194444444444444,0,1,0,4124.0,Standard,0
1,0,0,1,0,360.0,1.0,1,9508.0,0.0196676482961716,0.5194444444444445,1,0,0,9508.0,Standard,0
1,1,0,1,0,360.0,1.0,1,5491.0,0.025314150427973,0.3861111111111111,1,0,0,5491.0,Standard,0
1,1,2,1,0,360.0,0.0,0,4400.0,0.0288636363636363,0.3527777777777778,0,1,0,1466.6666666666667,Standard,1
1,1,2,1,0,360.0,1.0,1,4713.0,0.0284319966051347,0.3722222222222222,0,0,1,1571.0,Standard,1
0,0,0,1,0,480.0,0.0,0,5417.0,0.0263983754845855,0.2979166666666666,0,0,1,5417.0,Extended,1
1,1,0,1,0,360.0,1.0,1,5717.0,0.0300857092880881,0.4777777777777778,0,1,0,5717.0,Standard,1
1,1,3,1,0,360.0,1.0,1,5666.0,0.0194140487116131,0.3055555555555556,0,0,1,1416.5,Standard,0
1,1,1,1,0,360.0,1.0,1,6875.0,0.029090909090909,0.5555555555555556,0,1,0,3437.5,Standard,1
0,1,1,1,0,360.0,1.0,1,4666.0,0.028932704672096,0.375,0,0,1,2333.0,Standard,1
0,0,0,1,0,480.0,1.0,0,7541.0,0.0200238695133271,0.3145833333333333,1,0,0,7541.0,Extended,0
1,1,1,1,0,360.0,1.0,0,4939.0,0.0228791253290139,0.3138888888888889,0,0,1,2469.5,Standard,0
1,1,0,0,0,360.0,0.0,0,4734.0,0.0196451204055766,0.2583333333333333,0,0,1,4734.0,Standard,1
1,1,0,0,0,360.0,1.0,1,4625.0,0.0227027027027027,0.2916666666666667,0,1,0,4625.0,Standard,0
0,0,0,1,0,360.0,1.0,1,5000.0,0.0264,0.3666666666666666,1,0,0,5000.0,Standard,0
1,1,1,1,0,360.0,1.0,1,3428.0,0.028004667444574,0.2666666666666666,0,0,1,1714.0,Standard,0
1,0,0,1,0,360.0,1.0,1,6500.0,0.0215384615384615,0.3888888888888889,1,0,0,6500.0,Standard,0
1,0,0,0,0,360.0,1.0,0,2000.0,0.064,0.3555555555555555,0,0,1,2000.0,Standard,1
0,0,0,1,0,360.0,1.0,1,5428.0,0.0248710390567428,0.375,1,0,0,5428.0,Standard,0
0,0,0,1,0,360.0,0.0,0,4263.0,0.0243959652826647,0.2888888888888888,0,0,1,4263.0,Standard,1
1,0,0,1,0,360.0,1.0,0,12555.375,0.0237236198289922,1.3333333333333333,1,0,0,12555.375,Standard,0
1,1,2,0,0,360.0,1.0,1,7667.0,0.0241293856788835,0.5138888888888888,1,0,0,2555.6666666666665,Standard,0
0,0,0,1,0,360.0,1.0,1,2917.0,0.0287967089475488,0.2333333333333333,0,1,0,2917.0,Standard,1
1,0,0,0,0,360.0,1.0,1,5332.0,0.0208177044261065,0.3083333333333333,0,1,0,5332.0,Standard,0
0,0,0,1,0,360.0,1.0,1,2507.0,0.0223374551256481,0.1555555555555555,1,0,0,2507.0,Standard,0
1,1,2,1,1,84.0,1.0,1,5746.0,0.0250609119387399,1.7142857142857142,1,0,0,1915.3333333333333,Short,0
1,1,0,1,0,360.0,1.0,0,4316.0,0.0368396663577386,0.4416666666666666,1,0,0,4316.0,Standard,1
1,1,1,0,0,180.0,1.0,1,5039.0,0.022028180194483,0.6166666666666667,0,0,1,2519.5,Short,0
1,1,2,1,0,360.0,1.0,1,3717.0,0.0322841000807102,0.3333333333333333,0,1,0,1239.0,Standard,1
1,1,0,1,0,360.0,1.0,1,4192.0,0.0209923664122137,0.2444444444444444,0,0,1,4192.0,Standard,0
0,0,1,1,0,360.0,1.0,1,3541.0,0.031629483196837,0.3111111111111111,0,1,0,1770.5,Standard,1
1,1,1,1,1,360.0,1.0,0,10000.0,0.0155,0.4305555555555556,1,0,0,5000.0,Standard,0
1,1,0,1,0,360.0,1.0,1,4567.0,0.0251806437486314,0.3194444444444444,0,1,0,4567.0,Standard,0
1,1,3,1,0,360.0,1.0,1,4531.0,0.0273670271463253,0.3444444444444444,0,1,0,1132.75,Standard,0
1,1,2,0,0,360.0,1.0,1,5191.0,0.0246580620304372,0.3555555555555555,1,0,0,1730.3333333333333,Standard,0
0,0,0,1,0,360.0,1.0,1,6151.0,0.0214599252154121,0.3666666666666666,1,0,0,6151.0,Standard,0
1,1,3,1,0,360.0,1.0,1,12555.375,0.02,0.8333333333333334,1,0,0,3138.84375,Standard,0
1,1,1,1,1,360.0,0.0,0,12555.375,0.0275478057000512,1.0444444444444445,1,0,0,6277.6875,Standard,1
1,0,0,1,0,360.0,0.0,1,4917.0,0.0264388854992881,0.3611111111111111,1,0,0,4917.0,Standard,1
1,1,0,1,1,360.0,1.0,1,7978.0,0.0230634244171471,0.5111111111111111,0,1,0,7978.0,Standard,0
0,1,0,1,0,360.0,1.0,0,6784.0,0.0162146226415094,0.3055555555555556,0,0,1,6784.0,Standard,0
0,0,0,1,0,360.0,1.0,1,2500.0,0.0268,0.1861111111111111,0,0,1,2500.0,Standard,0
1,0,1,1,0,360.0,1.0,1,6177.0,0.0189412336085478,0.325,0,0,1,3088.5,Standard,0
1,0,0,1,0,360.0,1.0,1,2935.0,0.0333901192504258,0.2722222222222222,0,1,0,2935.0,Standard,1
1,0,0,1,0,360.0,1.0,1,2833.0,0.0250617719731733,0.1972222222222222,0,0,1,2833.0,Standard,0
1,1,0,1,0,180.0,1.0,1,12555.375,0.0077363942087563,2.7222222222222223,0,0,1,12555.375,Short,0
1,1,1,1,1,180.0,1.0,1,11666.0,0.0156008914795131,1.011111111111111,0,0,1,5833.0,Short,0
1,1,0,1,1,360.0,1.0,1,9993.0,0.0070049034324026,0.1944444444444444,0,1,0,9993.0,Standard,0
1,1,1,1,0,360.0,1.0,1,5938.0,0.0269450993600538,0.4444444444444444,1,0,0,2969.0,Standard,0
1,1,2,1,1,360.0,1.0,1,7100.0,0.0247887323943661,0.4888888888888889,1,0,0,2366.6666666666665,Standard,0
0,0,3,0,0,360.0,0.0,0,1830.0,0.0699453551912568,0.3555555555555555,0,0,1,457.5,Standard,1
0,0,0,1,0,360.0,1.0,1,4160.0,0.0170673076923076,0.1972222222222222,0,1,0,4160.0,Standard,0
1,1,3,0,0,360.0,1.0,0,4234.0,0.040859707132735,0.4805555555555555,1,0,0,1058.5,Standard,1
0,0,0,1,0,360.0,1.0,0,2378.0,0.0193439865433137,0.1277777777777777,1,0,0,2378.0,Standard,0
1,1,1,0,0,360.0,1.0,1,5783.0,0.0273214594501123,0.4388888888888889,0,0,1,2891.5,Standard,0
1,1,3,0,0,360.0,1.0,1,3173.0,0.0233217774976363,0.2055555555555555,0,1,0,793.25,Standard,0
1,1,2,1,0,360.0,1.0,1,4913.0,0.0254427030327702,0.3472222222222222,1,0,0,1637.6666666666667,Standard,0
1,1,0,1,0,360.0,1.0,1,4957.0,0.032277587250353,0.4444444444444444,0,1,0,4957.0,Standard,1
1,1,0,0,0,360.0,0.0,0,6753.0,0.0225085147341922,0.4222222222222222,1,0,0,6753.0,Standard,1
1,1,2,0,0,360.0,1.0,1,5251.0,0.023995429442011,0.35,0,0,1,1750.3333333333333,Standard,0
1,1,0,1,0,360.0,1.0,1,10916.0,0.0237266397947966,0.7194444444444444,0,1,0,10916.0,Standard,0
1,1,0,1,0,360.0,1.0,1,8875.0,0.0210704225352112,0.5194444444444445,1,0,0,8875.0,Standard,0
1,1,0,1,0,360.0,1.0,1,9083.0,0.0251018385995816,0.6333333333333333,0,1,0,9083.0,Standard,0
1,0,0,1,0,360.0,1.0,0,12555.375,0.0238445459472013,0.8555555555555555,1,0,0,12555.375,Standard,0
1,1,3,1,0,360.0,1.0,1,4749.0,0.020004211412929,0.2638888888888889,1,0,0,1187.25,Standard,0
0,1,0,1,1,360.0,0.0,0,5500.0,0.019090909090909,0.2916666666666667,1,0,0,5500.0,Standard,1
0,1,0,1,0,360.0,1.0,1,2928.0,0.0443989071038251,0.3611111111111111,0,1,0,2928.0,Standard,1
0,0,0,1,0,180.0,1.0,1,3813.0,0.030422239706268,0.6444444444444445,0,0,1,3813.0,Short,1
1,1,2,1,0,360.0,1.0,1,11500.0,0.0143478260869565,0.4583333333333333,1,0,0,3833.3333333333335,Standard,0
1,1,1,1,0,360.0,1.0,0,3875.0,0.0172903225806451,0.1861111111111111,0,0,1,1937.5,Standard,0
1,1,0,0,0,480.0,0.0,0,4666.0,0.0214316330904414,0.2083333333333333,0,0,1,4666.0,Extended,1
1,1,3,1,0,360.0,1.0,1,8334.0,0.0239980801535877,0.5555555555555556,0,1,0,2083.5,Standard,0
0,0,1,1,0,360.0,1.0,0,4723.0,0.017150116451408,0.225,0,1,0,2361.5,Standard,0
1,1,2,1,0,360.0,1.0,1,8667.0,0.0272297219337717,0.6555555555555556,0,1,0,2889.0,Standard,0
1,1,0,1,0,360.0,1.0,1,7083.0,0.0183538048849357,0.3611111111111111,0,0,1,7083.0,Standard,0
1,1,0,1,0,300.0,1.0,1,6046.0,0.0157128680119087,0.3166666666666666,0,0,1,6046.0,Standard,0
1,0,0,1,1,360.0,1.0,1,6822.0,0.0206684256816182,0.3916666666666666,1,0,0,6822.0,Standard,0
1,0,0,0,0,360.0,1.0,0,6216.0,0.0213963963963963,0.3694444444444444,1,0,0,6216.0,Standard,0
1,0,0,1,0,480.0,1.0,0,2500.0,0.0384,0.2,0,1,0,2500.0,Extended,1
1,0,0,1,0,360.0,0.0,0,5124.0,0.024199843871975,0.3444444444444444,1,0,0,5124.0,Standard,1
1,1,1,1,0,360.0,1.0,1,6325.0,0.0276679841897233,0.4861111111111111,0,1,0,3162.5,Standard,0
1,1,0,1,0,360.0,1.0,0,12555.375,0.0228036485837734,1.5833333333333333,1,0,0,12555.375,Standard,0
0,0,0,1,1,360.0,1.0,1,12555.375,0.0034900691668253,0.1527777777777778,0,1,0,12555.375,Standard,0
1,1,2,1,0,360.0,1.0,1,5185.0,0.0298939247830279,0.4305555555555556,0,1,0,1728.3333333333333,Standard,1
1,1,2,1,1,300.0,1.0,1,12555.375,0.0220981623633403,1.2666666666666666,1,0,0,4185.125,Standard,0
1,0,1,1,0,180.0,0.0,0,5049.0,0.0219845513963161,0.6166666666666667,0,0,1,2524.5,Short,1
0,0,0,1,0,360.0,1.0,1,4223.0,0.0260478332938669,0.3055555555555556,0,0,1,4223.0,Standard,0
1,1,0,1,0,180.0,1.0,1,5740.0,0.0209059233449477,0.6666666666666666,0,0,1,5740.0,Short,0
1,1,3,1,0,360.0,1.0,1,12555.375,0.0094572966681216,0.3611111111111111,1,0,0,3138.84375,Standard,0
1,1,0,1,0,360.0,1.0,1,4310.0,0.0301624129930394,0.3611111111111111,0,1,0,4310.0,Standard,1
1,0,0,1,0,480.0,1.0,0,3069.0,0.0231345715216682,0.1479166666666666,0,0,1,3069.0,Extended,0
1,1,2,1,0,360.0,1.0,1,5391.0,0.0241142645149322,0.3611111111111111,0,0,1,1797.0,Standard,0
1,1,0,1,0,360.0,1.0,1,5833.0,0.0219441110920624,0.3555555555555555,0,1,0,5833.0,Standard,0
1,0,0,1,0,360.0,1.0,1,10173.0,0.0290966283298928,0.8222222222222222,0,1,0,10173.0,Standard,1
0,0,0,1,0,360.0,1.0,1,6000.0,0.026,0.4333333333333333,0,0,1,6000.0,Standard,0
1,0,0,1,1,360.0,1.0,1,7167.0,0.0178596344356076,0.3555555555555555,0,0,1,7167.0,Standard,0
1,1,2,1,0,360.0,1.0,0,4566.0,0.0219010074463425,0.2777777777777778,0,0,1,1522.0,Standard,0
1,0,1,1,0,180.0,1.0,1,3667.0,0.0308153804199618,0.6277777777777778,0,0,1,1833.5,Short,1
1,0,0,0,0,360.0,1.0,1,3946.0,0.0334515965534718,0.3666666666666666,0,1,0,3946.0,Standard,1
1,1,0,0,0,360.0,0.0,0,6146.0,0.0208265538561666,0.3555555555555555,0,0,1,6146.0,Standard,1
1,1,0,1,0,360.0,1.0,1,4750.0,0.0286315789473684,0.3777777777777777,0,0,1,4750.0,Standard,1
1,1,0,1,0,360.0,1.0,1,5488.0,0.0227769679300291,0.3472222222222222,1,0,0,5488.0,Standard,0
1,0,3,1,0,360.0,1.0,1,9167.0,0.0201810843242063,0.5138888888888888,1,0,0,2291.75,Standard,0
1,1,3,1,0,360.0,1.0,1,9504.0,0.0289351851851851,0.7638888888888888,1,0,0,2376.0,Standard,1
1,1,0,1,0,360.0,1.0,1,4698.0,0.0255427841634738,0.3333333333333333,0,0,1,4698.0,Standard,0
1,1,2,0,0,180.0,1.0,1,3618.0,0.031232725262576,0.6277777777777778,0,1,0,1206.0,Short,1
1,1,2,1,0,360.0,1.0,1,4500.0,0.0251111111111111,0.3138888888888889,0,0,1,1500.0,Standard,0
1,1,2,1,0,360.0,1.0,1,3760.0,0.0359042553191489,0.375,0,1,0,1253.3333333333333,Standard,1
0,0,0,1,0,360.0,0.0,0,3180.0,0.0223270440251572,0.1972222222222222,0,0,1,3180.0,Standard,1
1,1,0,1,0,360.0,1.0,1,4492.0,0.0211487088156723,0.2638888888888889,0,0,1,4492.0,Standard,0
1,0,0,0,0,360.0,1.0,1,5568.0,0.0195761494252873,0.3027777777777777,1,0,0,5568.0,Standard,0
0,0,0,1,0,360.0,0.0,0,3300.0,0.0312121212121212,0.2861111111111111,0,1,0,3300.0,Standard,1
1,1,2,0,0,180.0,0.0,0,2889.0,0.0155763239875389,0.25,0,0,1,963.0,Short,1
1,0,0,0,0,300.0,1.0,0,2755.0,0.0235934664246823,0.2166666666666666,1,0,0,2755.0,Standard,0
1,0,0,1,0,360.0,1.0,1,12555.375,0.0045777777777777,0.2861111111111111,0,1,0,12555.375,Standard,0
0,0,0,0,0,360.0,1.0,1,1963.0,0.0269994905756495,0.1472222222222222,0,1,0,1963.0,Standard,0
0,0,0,1,1,360.0,1.0,0,7441.0,0.0260717645477758,0.5388888888888889,1,0,0,7441.0,Standard,0
0,0,0,1,0,360.0,1.0,1,4547.0,0.0252914009236859,0.3194444444444444,0,1,0,4547.0,Standard,0
1,1,0,0,0,360.0,1.0,1,4567.0,0.0251806437486314,0.3194444444444444,0,0,1,4567.0,Standard,0
0,0,0,0,0,360.0,1.0,1,2213.0,0.0298237686398554,0.1833333333333333,1,0,0,2213.0,Standard,1
1,1,1,1,0,300.0,0.0,0,8300.0,0.0183132530120481,0.5066666666666667,0,1,0,4150.0,Standard,1
1,1,3,1,0,360.0,0.0,0,12555.375,0.0044444444444444,1.0,1,0,0,3138.84375,Standard,1
0,0,1,0,1,360.0,1.0,0,3867.0,0.0160331005947763,0.1722222222222222,0,1,0,1933.5,Standard,0
1,1,0,1,0,360.0,1.0,1,6256.0,0.0255754475703324,0.4444444444444444,0,0,1,6256.0,Standard,0
1,1,0,0,0,360.0,0.0,0,6096.0,0.035761154855643,0.6055555555555555,1,0,0,6096.0,Standard,1
1,1,0,0,0,360.0,1.0,1,4286.0,0.025664955669622,0.3055555555555556,1,0,0,4286.0,Standard,0
0,1,0,0,0,360.0,0.0,0,5386.0,0.0330486446342369,0.4944444444444444,0,1,0,5386.0,Standard,1
0,0,0,1,0,360.0,1.0,1,2995.0,0.020033388981636,0.1666666666666666,0,0,1,2995.0,Standard,0
0,0,1,1,0,360.0,1.0,0,2600.0,0.0615384615384615,0.4444444444444444,0,0,1,1300.0,Standard,1
1,1,2,1,1,360.0,1.0,0,12555.375,0.0110648148148148,0.6638888888888889,0,0,1,4185.125,Standard,0
1,1,0,1,0,360.0,1.0,1,3798.0,0.029489204844655,0.3111111111111111,1,0,0,3798.0,Standard,1
1,1,0,1,0,360.0,1.0,1,4663.0,0.0295946815354921,0.3833333333333333,0,1,0,4663.0,Standard,1
1,1,0,1,0,360.0,1.0,1,5829.0,0.0236747297992794,0.3833333333333333,1,0,0,5829.0,Standard,0
0,0,0,0,0,360.0,0.0,0,2720.0,0.0294117647058823,0.2222222222222222,0,0,1,2720.0,Standard,1
1,1,0,1,0,360.0,1.0,1,3539.0,0.0282565696524441,0.2777777777777778,0,0,1,3539.0,Standard,1
1,1,1,1,0,360.0,0.0,0,8917.0,0.0123359874397218,0.3055555555555556,0,0,1,4458.5,Standard,1
1,1,0,1,0,360.0,1.0,1,12555.375,0.0064516129032258,0.2666666666666666,0,1,0,12555.375,Standard,0
1,1,0,1,0,360.0,1.0,1,6966.0,0.0173700832615561,0.3361111111111111,1,0,0,6966.0,Standard,0
0,0,1,0,0,360.0,1.0,0,4606.0,0.0175857577073382,0.225,1,0,0,2303.0,Standard,0
1,1,2,1,0,360.0,1.0,1,5935.0,0.0224094355518112,0.3694444444444444,0,1,0,1978.3333333333333,Standard,0
1,1,0,1,0,360.0,1.0,1,2936.12000084,0.0296309415061748,0.2416666666666666,1,0,0,2936.12000084,Standard,1
1,0,0,0,0,180.0,1.0,1,2717.0,0.0220831799779168,0.3333333333333333,0,0,1,2717.0,Short,0
0,0,1,1,1,360.0,1.0,1,8624.0,0.0173933209647495,0.4166666666666667,0,1,0,4312.0,Standard,0
1,0,0,1,0,360.0,0.0,0,6500.0,0.0161538461538461,0.2916666666666667,1,0,0,6500.0,Standard,1
1,0,0,1,0,360.0,1.0,1,12555.375,0.0314538676607642,1.125,0,1,0,12555.375,Standard,1
1,1,0,1,0,360.0,1.0,1,4765.0,0.0300104931794333,0.3972222222222222,0,1,0,4765.0,Standard,1
1,0,0,1,0,360.0,1.0,1,3750.0,0.0266666666666666,0.2777777777777778,0,0,1,3750.0,Standard,0
0,1,0,1,0,240.0,1.0,1,10047.0,0.0127401214292823,0.5333333333333333,0,1,0,10047.0,Standard,0
1,0,0,1,0,360.0,1.0,1,3777.0,0.0132380195922689,0.1388888888888889,0,1,0,3777.0,Standard,0
1,1,0,1,0,360.0,1.0,1,3338.0,0.0383463151587777,0.3555555555555555,0,0,1,3338.0,Standard,1
1,0,0,1,1,360.0,0.0,0,10416.0,0.0179531490015361,0.5194444444444445,0,0,1,10416.0,Standard,1
0,1,0,0,1,360.0,1.0,1,7142.0,0.0193223186782413,0.3833333333333333,1,0,0,7142.0,Standard,0
1,0,0,1,0,360.0,1.0,1,8724.0,0.0214351215038972,0.5194444444444445,0,1,0,8724.0,Standard,0
1,1,0,1,0,360.0,1.0,1,9734.0,0.0184918841175261,0.5,1,0,0,9734.0,Standard,0
1,0,3,0,0,360.0,1.0,1,6700.0,0.0220895522388059,0.4111111111111111,0,1,0,1675.0,Standard,0
1,0,1,1,0,360.0,1.0,1,12555.375,0.0040297993053898,0.4222222222222222,0,1,0,6277.6875,Standard,0
1,1,0,1,0,300.0,1.0,1,12555.375,0.0111706881143878,0.5833333333333334,1,0,0,12555.375,Standard,0
1,1,1,1,1,360.0,1.0,1,4676.0,0.0278015397775876,0.3611111111111111,1,0,0,2338.0,Standard,0
1,1,2,0,0,360.0,1.0,1,4652.0,0.023645743766122,0.3055555555555556,1,0,0,1550.6666666666667,Standard,0
1,1,0,1,0,360.0,1.0,0,4915.0,0.0111902339776195,0.1527777777777778,1,0,0,4915.0,Standard,0
1,1,2,1,0,360.0,0.0,0,5050.0,0.0297029702970297,0.4166666666666667,1,0,0,1683.3333333333333,Standard,1
1,0,1,0,1,360.0,1.0,0,4311.0,0.0440733008582695,0.5277777777777778,0,1,0,2155.5,Standard,1
1,1,2,0,0,360.0,0.0,0,3564.0,0.0350729517396184,0.3472222222222222,1,0,0,1188.0,Standard,1
1,1,2,0,0,300.0,1.0,1,3414.0,0.0175746924428822,0.2,0,0,1,1138.0,Standard,0
1,1,0,1,0,360.0,0.0,0,5681.0,0.0262277767998591,0.4138888888888888,1,0,0,5681.0,Standard,1
1,1,0,1,0,180.0,0.0,1,4949.0,0.0181854920185896,0.5,1,0,0,4949.0,Short,1
1,0,0,1,1,360.0,1.0,1,7085.0,0.0118560338743824,0.2333333333333333,0,1,0,7085.0,Standard,0
1,1,2,1,0,360.0,1.0,1,3859.0,0.0248769111168696,0.2666666666666666,0,1,0,1286.3333333333333,Standard,0
1,1,0,1,0,360.0,1.0,1,4301.0,0.0274354801209021,0.3277777777777778,0,0,1,4301.0,Standard,0
1,1,0,1,0,360.0,1.0,0,6277.0,0.027560936753226,0.4805555555555555,0,0,1,6277.0,Standard,0
1,0,2,1,0,360.0,1.0,1,4354.0,0.0312356453835553,0.3777777777777777,1,0,0,1451.3333333333333,Standard,1
1,1,0,1,0,360.0,1.0,0,8334.0,0.0191984641228701,0.4444444444444444,0,1,0,8334.0,Standard,0
1,1,0,1,1,360.0,1.0,1,6166.0,0.0259487512163477,0.4444444444444444,0,1,0,6166.0,Standard,0
1,1,3,1,0,180.0,1.0,1,7740.0,0.0165374677002583,0.7111111111111111,0,0,1,1935.0,Short,0
1,1,0,1,0,360.0,1.0,1,5203.0,0.0294061118585431,0.425,1,0,0,5203.0,Standard,1
0,0,1,0,0,360.0,1.0,1,5191.0,0.0254286264688884,0.3666666666666666,0,1,0,2595.5,Standard,0
1,0,0,1,0,360.0,0.0,0,4166.0,0.0235237638022083,0.2722222222222222,0,1,0,4166.0,Standard,1
1,0,0,1,0,360.0,1.0,1,6000.0,0.0233333333333333,0.3888888888888889,1,0,0,6000.0,Standard,0
1,1,3,0,0,180.0,0.0,0,4611.0,0.0151810887009325,0.3888888888888889,0,0,1,1152.75,Short,1
1,1,0,1,0,360.0,1.0,1,12555.375,0.0065899832254972,0.3055555555555556,0,1,0,12555.375,Standard,0
0,1,2,0,0,360.0,1.0,1,3127.0,0.0313399424368404,0.2722222222222222,0,1,0,1042.3333333333333,Standard,1
1,1,0,1,0,360.0,1.0,0,6784.0,0.0162146226415094,0.3055555555555556,0,0,1,6784.0,Standard,0
1,1,1,1,1,360.0,1.0,1,5529.0,0.0293000542593597,0.45,0,1,0,2764.5,Standard,1
1,1,1,0,0,180.0,0.0,0,4153.0,0.0272092463279556,0.6277777777777778,1,0,0,2076.5,Short,1
1,1,3,1,0,360.0,1.0,1,4691.0,0.0213174163291409,0.2777777777777778,0,1,0,1172.75,Standard,0
0,0,0,1,1,360.0,1.0,1,2500.0,0.0372,0.2583333333333333,0,0,1,2500.0,Standard,1
1,0,2,1,0,360.0,1.0,1,10180.0,0.0159135559921414,0.45,1,0,0,3393.3333333333335,Standard,0
1,1,2,1,1,360.0,1.0,1,12555.375,0.0085523690062147,0.4166666666666667,1,0,0,4185.125,Standard,0
1,1,2,1,0,300.0,1.0,1,8450.0,0.0272189349112426,0.7666666666666667,0,1,0,2816.6666666666665,Standard,0
1,1,2,1,0,360.0,0.0,0,4745.0,0.0278187565858798,0.3666666666666666,0,1,0,1581.6666666666667,Standard,1
1,1,1,1,1,360.0,1.0,1,12555.375,0.0045461753977903,0.2388888888888889,0,1,0,6277.6875,Standard,0
1,1,2,1,0,360.0,1.0,0,4550.0,0.0281318681318681,0.3555555555555555,0,0,1,1516.6666666666667,Standard,0
0,0,0,0,0,360.0,1.0,1,4350.0,0.0354022988505747,0.4277777777777777,1,0,0,4350.0,Standard,1
1,1,3,0,0,360.0,1.0,1,3095.0,0.0365105008077544,0.3138888888888889,1,0,0,773.75,Standard,1
1,1,0,1,0,360.0,1.0,1,5233.0,0.0244601566978788,0.3555555555555555,0,1,0,5233.0,Standard,0
1,1,0,1,0,360.0,1.0,1,10833.0,0.0216006646358349,0.65,0,1,0,10833.0,Standard,0
1,1,2,1,0,360.0,1.0,1,8333.0,0.0295211808472338,0.6833333333333333,0,1,0,2777.6666666666665,Standard,1
1,1,1,0,0,360.0,1.0,1,4394.0,0.0298133818843878,0.3638888888888889,1,0,0,2197.0,Standard,1
1,0,2,1,0,360.0,0.0,0,3547.0,0.0225542712151113,0.2222222222222222,1,0,0,1182.3333333333333,Standard,1
1,1,1,1,0,360.0,1.0,0,12555.375,0.0272732231495118,1.3888888888888888,0,0,1,6277.6875,Standard,0
1,1,2,1,1,360.0,1.0,1,6666.0,0.024002400240024,0.4444444444444444,0,1,0,2222.0,Standard,0
1,0,0,1,0,360.0,1.0,0,2435.0,0.0308008213552361,0.2083333333333333,0,0,1,2435.0,Standard,1
1,0,0,0,0,360.0,1.0,1,5484.0,0.0175054704595186,0.2666666666666666,0,1,0,5484.0,Standard,0
1,1,1,0,0,360.0,1.0,1,6464.0,0.0287747524752475,0.5166666666666667,0,0,1,3232.0,Standard,1
1,0,0,0,0,360.0,1.0,1,3691.0,0.0298022216201571,0.3055555555555556,1,0,0,3691.0,Standard,1
0,0,0,0,1,360.0,1.0,1,12555.375,0.0130336557956322,0.625,0,1,0,12555.375,Standard,0
1,1,0,1,0,360.0,0.0,0,5754.0,0.0206812652068126,0.3305555555555555,1,0,0,5754.0,Standard,1
0,1,1,1,0,84.0,1.0,1,4239.0,0.0247699929228591,1.25,0,1,0,2119.5,Short,0
1,1,0,0,0,360.0,1.0,1,4300.0,0.0248837209302325,0.2972222222222222,1,0,0,4300.0,Standard,0
1,1,0,1,0,12.0,1.0,1,7482.0,0.0148356054530874,9.25,0,0,1,7482.0,Short,0
1,1,1,1,1,360.0,1.0,1,2895.0,0.0328151986183074,0.2638888888888889,0,1,0,1447.5,Standard,1
1,0,0,1,0,360.0,0.0,0,10699.0,0.0195345359379381,0.5805555555555556,1,0,0,10699.0,Standard,1
0,0,0,1,0,480.0,1.0,1,4328.0,0.0261090573012939,0.2354166666666666,1,0,0,4328.0,Extended,0
0,0,0,1,0,360.0,1.0,1,3159.0,0.0316555872111427,0.2777777777777778,0,1,0,3159.0,Standard,1
1,1,2,1,0,360.0,1.0,1,10489.0,0.0198302984078558,0.5777777777777777,0,1,0,3496.3333333333335,Standard,0
1,1,1,0,0,360.0,1.0,0,9352.0,0.0147562018819503,0.3833333333333333,1,0,0,4676.0,Standard,0
1,1,0,0,0,300.0,1.0,1,5297.0,0.0234094770624882,0.4133333333333333,0,1,0,5297.0,Standard,0
1,1,2,1,0,360.0,1.0,1,7926.0,0.0306585919757759,0.675,1,0,0,2642.0,Standard,1
1,1,0,1,0,360.0,1.0,1,12555.375,0.0174545454545454,1.3333333333333333,0,0,1,12555.375,Standard,0
1,0,0,1,0,360.0,1.0,0,3583.0,0.026793190064192,0.2666666666666666,0,0,1,3583.0,Standard,0
1,1,0,1,1,360.0,1.0,1,5492.0,0.0342316096139839,0.5222222222222223,0,0,1,5492.0,Standard,1
0,0,1,1,0,360.0,1.0,1,12555.375,0.003016136329362,0.1111111111111111,0,0,1,6277.6875,Standard,0
1,0,0,0,0,360.0,1.0,0,4885.0,0.0204708290685772,0.2777777777777778,1,0,0,4885.0,Standard,0
1,1,1,1,0,360.0,1.0,1,8069.0,0.0309827735778906,0.6944444444444444,0,1,0,4034.5,Standard,1
1,1,2,1,0,360.0,1.0,1,5318.0,0.027830011282437,0.4111111111111111,0,0,1,1772.6666666666667,Standard,0
1,1,0,1,0,180.0,1.0,0,8796.0,0.0079581628012733,0.3888888888888889,0,1,0,8796.0,Short,0
1,0,0,1,0,360.0,1.0,0,9481.0,0.0328024469992616,0.8638888888888889,1,0,0,9481.0,Standard,1
1,1,3,1,0,360.0,1.0,1,6894.0,0.0217580504786771,0.4166666666666667,1,0,0,1723.5,Standard,0
0,1,2,1,0,480.0,1.0,1,3663.0,0.0308490308490308,0.2354166666666666,0,1,0,1221.0,Extended,1
1,1,0,0,0,360.0,0.0,0,4874.0,0.025235945835043,0.3416666666666667,0,1,0,4874.0,Standard,1
1,0,0,1,0,360.0,1.0,0,6598.0,0.0280387996362534,0.5138888888888888,0,1,0,6598.0,Standard,0
0,0,0,0,0,360.0,1.0,0,3400.0,0.0279411764705882,0.2638888888888889,1,0,0,3400.0,Standard,0
1,1,2,0,0,360.0,1.0,1,3934.0,0.0114387391967463,0.125,0,1,0,1311.3333333333333,Standard,0
1,0,0,1,0,360.0,1.0,1,2500.0,0.022,0.1527777777777778,0,1,0,2500.0,Standard,0
1,1,3,1,1,360.0,1.0,1,7101.0,0.014082523588227,0.2777777777777778,1,0,0,1775.25,Standard,0
1,1,2,1,1,360.0,1.0,1,12555.375,0.0317586343787217,1.3333333333333333,1,0,0,4185.125,Standard,1
1,0,0,1,0,360.0,1.0,0,6767.0,0.0189153243682577,0.3555555555555555,0,1,0,6767.0,Standard,0
1,1,2,1,1,360.0,1.0,1,12555.375,0.0228571428571428,1.1111111111111112,1,0,0,4185.125,Standard,0
1,1,0,1,0,360.0,1.0,1,3775.0,0.0291390728476821,0.3055555555555556,0,1,0,3775.0,Standard,1
1,1,1,0,0,360.0,0.0,1,6715.0,0.02397617274758,0.4472222222222222,0,1,0,3357.5,Standard,1
1,0,1,0,0,360.0,1.0,1,3981.0,0.0236121577493092,0.2611111111111111,0,1,0,1990.5,Standard,0
1,0,0,0,0,360.0,1.0,1,6783.0,0.0191655609612265,0.3611111111111111,0,1,0,6783.0,Standard,0
1,1,0,1,0,360.0,1.0,1,6525.0,0.033103448275862,0.6,1,0,0,6525.0,Standard,1
1,1,3,1,0,360.0,1.0,1,4281.0,0.0233590282644241,0.2777777777777778,0,0,1,1070.25,Standard,0
1,0,2,1,0,360.0,0.0,0,3588.0,0.0306577480490523,0.3055555555555556,1,0,0,1196.0,Standard,1
1,0,1,1,0,360.0,1.0,0,11250.0,0.0174222222222222,0.5444444444444444,0,1,0,5625.0,Standard,0
0,0,0,0,1,360.0,1.0,1,12555.375,0.0068813652628681,0.3472222222222222,0,0,1,12555.375,Standard,0
1,0,0,0,0,360.0,1.0,1,4592.0,0.0274390243902439,0.35,1,0,0,4592.0,Standard,0
1,1,0,1,0,360.0,1.0,1,10039.0,0.0322741308895308,0.9,0,0,1,10039.0,Standard,1
1,0,2,1,0,360.0,1.0,1,3617.0,0.0295825269560409,0.2972222222222222,0,1,0,1205.6666666666667,Standard,1
1,1,0,0,0,360.0,1.0,0,3453.0,0.0191138140747176,0.1833333333333333,1,0,0,3453.0,Standard,0
1,1,3,1,0,180.0,1.0,1,6417.0,0.0244662614929094,0.8722222222222222,1,0,0,1604.25,Short,0
0,1,1,1,0,180.0,1.0,1,7453.0,0.0187843821280021,0.7777777777777778,0,1,0,3726.5,Short,0
0,0,0,1,0,360.0,0.0,0,2138.0,0.0463049579045837,0.275,0,1,0,2138.0,Standard,1
0,0,1,1,0,360.0,1.0,1,3652.0,0.026013143483023,0.2638888888888889,0,1,0,1826.0,Standard,0
1,1,1,0,0,360.0,1.0,1,4763.0,0.026873819021625,0.3555555555555555,0,0,1,2381.5,Standard,0
0,1,0,0,0,360.0,1.0,1,3680.0,0.0277173913043478,0.2833333333333333,0,1,0,3680.0,Standard,0
1,1,0,1,0,360.0,1.0,1,4718.0,0.032852903772785,0.4305555555555556,1,0,0,4718.0,Standard,1
1,0,0,0,0,36.0,1.0,0,3358.0,0.0238237045860631,2.2222222222222223,0,1,0,3358.0,Short,0
1,0,0,1,0,360.0,1.0,1,4309.0,0.0336504989556741,0.4027777777777778,1,0,0,4309.0,Standard,1
0,0,0,1,0,360.0,0.0,0,5000.0,0.0206,0.2861111111111111,0,1,0,5000.0,Standard,1
1,1,0,1,0,360.0,1.0,1,4801.0,0.0229118933555509,0.3055555555555556,1,0,0,4801.0,Standard,0
1,1,2,1,1,360.0,0.0,0,6633.0,0.019297452133273,0.3555555555555555,1,0,0,2211.0,Standard,1
1,1,1,0,0,360.0,1.0,1,4867.0,0.0262995685227039,0.3555555555555555,1,0,0,2433.5,Standard,0
1,1,1,1,0,360.0,1.0,1,6583.0,0.0240012152514051,0.4388888888888889,0,0,1,3291.5,Standard,0
1,1,0,0,0,360.0,0.0,0,4787.0,0.0378107374138291,0.5027777777777778,0,0,1,4787.0,Standard,1
1,1,0,1,0,180.0,0.0,0,7859.0,0.0167960300292658,0.7333333333333333,1,0,0,7859.0,Short,1
1,1,1,1,0,360.0,1.0,1,6500.0,0.004,0.0722222222222222,0,1,0,3250.0,Standard,0
0,0,0,1,0,360.0,1.0,1,4292.0,0.0195712954333644,0.2333333333333333,0,0,1,4292.0,Standard,0
1,1,3,1,1,360.0,1.0,1,10139.0,0.0256435545911825,0.7222222222222222,0,1,0,2534.75,Standard,0
1,1,0,1,0,360.0,1.0,1,6556.0,0.0247101891397193,0.45,0,1,0,6556.0,Standard,0
0,1,0,1,0,360.0,1.0,1,6486.0,0.0280604378661732,0.5055555555555555,0,1,0,6486.0,Standard,0
1,1,2,0,0,360.0,1.0,1,3917.0,0.0275721215215726,0.3,0,1,0,1305.6666666666667,Standard,0
0,1,1,1,1,360.0,1.0,1,12555.375,0.0307944980496817,1.6666666666666667,0,1,0,6277.6875,Standard,1
1,1,0,1,0,360.0,1.0,1,7977.0,0.0264510467594333,0.5861111111111111,1,0,0,7977.0,Standard,0
1,0,0,0,1,360.0,1.0,1,5800.0,0.0227586206896551,0.3666666666666666,0,1,0,5800.0,Standard,0
1,1,2,1,0,360.0,0.0,0,8799.0,0.0293215138083873,0.7166666666666667,0,0,1,2933.0,Standard,1
1,1,0,0,0,360.0,1.0,1,4467.0,0.0268636668905305,0.3333333333333333,1,0,0,4467.0,Standard,0
1,0,0,1,0,360.0,1.0,1,3333.0,0.021002100210021,0.1944444444444444,0,0,1,3333.0,Standard,0
1,1,3,1,0,360.0,0.0,0,5900.0,0.0208474576271186,0.3416666666666667,1,0,0,1475.0,Standard,1
0,0,0,1,0,360.0,1.0,0,2378.0,0.0037846930193439,0.025,0,0,1,2378.0,Standard,0
1,1,0,1,0,360.0,0.0,0,5230.0,0.0198852772466539,0.2888888888888888,0,0,1,5230.0,Standard,1
1,1,1,1,0,360.0,1.0,1,5167.0,0.035997677569189,0.5166666666666667,0,0,1,2583.5,Standard,1
1,1,0,1,0,360.0,0.0,0,6567.0,0.0251256281407035,0.4583333333333333,0,0,1,6567.0,Standard,1
1,1,2,1,0,360.0,1.0,1,12555.375,0.016500660026401,0.7638888888888888,0,0,1,4185.125,Standard,0
1,1,2,0,0,480.0,1.0,0,7750.0,0.0241290322580645,0.3895833333333333,0,1,0,2583.3333333333335,Extended,0
1,1,3,1,0,360.0,1.0,0,6406.0,0.0234155479238214,0.4166666666666667,0,1,0,1601.5,Standard,0
1,1,2,1,0,84.0,1.0,1,3620.0,0.0298342541436464,1.2857142857142858,0,0,1,1206.6666666666667,Short,1
1,1,0,1,0,360.0,0.0,0,5297.0,0.0256749103265999,0.3777777777777777,0,1,0,5297.0,Standard,1
1,0,0,1,0,360.0,1.0,1,5968.0,0.0184316353887399,0.3055555555555556,0,0,1,5968.0,Standard,0
1,1,1,1,0,360.0,1.0,1,4014.0,0.0266567015445939,0.2972222222222222,1,0,0,2007.0,Standard,0
1,0,0,1,0,360.0,1.0,1,6099.0,0.0263977701262502,0.4472222222222222,0,0,1,6099.0,Standard,0
1,1,2,1,0,360.0,1.0,1,6540.0,0.0313455657492354,0.5694444444444444,0,1,0,2180.0,Standard,1
1,0,0,1,0,360.0,1.0,0,12555.375,0.0025229164914641,0.25,0,0,1,12555.375,Standard,0
0,1,0,1,0,360.0,1.0,1,3166.0,0.0113708149084017,0.1,0,1,0,3166.0,Standard,0
1,1,1,1,0,360.0,1.0,0,1880.0,0.0324468085106382,0.1694444444444444,1,0,0,940.0,Standard,1
1,1,1,1,0,360.0,0.0,0,4704.0,0.0310374149659863,0.4055555555555555,1,0,0,2352.0,Standard,1
1,1,1,1,0,84.0,1.0,0,7283.0,0.0236166414938898,2.0476190476190474,1,0,0,3641.5,Short,0
1,1,0,1,0,360.0,1.0,1,3819.0,0.0272322597538622,0.2888888888888888,0,0,1,3819.0,Standard,0
0,0,0,0,0,360.0,1.0,1,2165.0,0.0323325635103926,0.1944444444444444,0,1,0,2165.0,Standard,1
1,0,0,1,0,360.0,1.0,1,4750.0,0.0197894736842105,0.2611111111111111,0,1,0,4750.0,Standard,0
1,1,2,1,1,360.0,0.0,0,2726.0,0.0388848129126925,0.2944444444444444,0,1,0,908.6666666666666,Standard,1
1,1,0,1,0,180.0,1.0,1,6416.0,0.0087281795511221,0.3111111111111111,0,1,0,6416.0,Short,0
1,1,2,1,1,240.0,1.0,0,6000.0,0.0341666666666666,0.8541666666666666,0,1,0,2000.0,Standard,1
1,0,3,1,1,360.0,1.0,1,9357.0,0.0312065833066153,0.8111111111111111,0,1,0,2339.25,Standard,1
1,1,0,1,0,180.0,1.0,1,7159.0,0.0198351725101271,0.7888888888888889,1,0,0,7159.0,Short,0
1,1,0,1,1,360.0,1.0,1,12555.375,0.0161290322580645,0.7222222222222222,0,0,1,12555.375,Standard,0
1,0,0,0,0,360.0,1.0,1,3833.0,0.0286981476650143,0.3055555555555556,1,0,0,3833.0,Standard,1
1,1,2,0,1,360.0,1.0,0,7383.0,0.0253284572666937,0.5194444444444445,1,0,0,2461.0,Standard,0
1,0,0,1,0,360.0,0.0,0,2987.0,0.0294609976565115,0.2444444444444444,0,1,0,2987.0,Standard,1
1,1,0,1,1,360.0,1.0,1,9963.0,0.01806684733514,0.5,1,0,0,9963.0,Standard,0
1,1,2,1,0,360.0,1.0,1,5780.0,0.0332179930795847,0.5333333333333333,0,0,1,1926.6666666666667,Standard,1
0,0,3,1,0,180.0,1.0,0,12555.375,0.0083168975595846,1.9444444444444444,0,0,1,3138.84375,Short,0
1,1,0,0,0,360.0,1.0,1,5686.0,0.0272599366865986,0.4305555555555556,1,0,0,5686.0,Standard,0
1,1,3,1,0,360.0,1.0,1,5703.0,0.0224443275469051,0.3555555555555555,0,0,1,1425.75,Standard,0
1,0,0,1,0,360.0,1.0,1,7977.0,0.0215619907233295,0.4777777777777778,1,0,0,7977.0,Standard,0
0,1,1,1,0,360.0,1.0,1,12000.0,0.0413333333333333,1.3777777777777778,0,1,0,6000.0,Standard,1
1,1,0,0,0,180.0,1.0,0,6200.0,0.0206451612903225,0.7111111111111111,0,0,1,6200.0,Short,0
1,1,1,1,0,360.0,1.0,1,5900.0,0.029322033898305,0.4805555555555555,0,1,0,2950.0,Standard,1
1,1,2,0,0,360.0,1.0,1,5398.0,0.0290848462393479,0.4361111111111111,1,0,0,1799.3333333333333,Standard,1
1,1,0,1,0,360.0,1.0,1,5182.0,0.0208413739868776,0.3,1,0,0,5182.0,Standard,0
0,0,0,1,0,360.0,1.0,1,2900.0,0.0244827586206896,0.1972222222222222,1,0,0,2900.0,Standard,0
1,1,3,1,0,180.0,1.0,1,4106.0,0.0097418412079883,0.2222222222222222,1,0,0,1026.5,Short,0
1,1,1,1,0,360.0,1.0,1,8312.0,0.0304379210779595,0.7027777777777777,0,0,1,4156.0,Standard,1
1,1,2,1,0,360.0,1.0,1,7583.0,0.0246604246340498,0.5194444444444445,0,0,1,2527.6666666666665,Standard,0
0,0,0,1,1,360.0,0.0,0,4583.0,0.0290202923849007,0.3694444444444444,0,1,0,4583.0,Standard,1
